id,song_info
1,"Pop-Active classic  - There's a reason why our  are a cult favorite - they keep their cool, especially in sticky situations. The quick-drying, lightweight underwear takes up minimal space in a travel pack. An exposed, brushed waistband offers next-to-skin softness, five-panel construction with a traditional boxer back for a classic fit, and a functional fly. Made of 3.7-oz 100% recycled polyester with moisture-wicking performance. Inseam (size M) is 4 1/2"". Recyclable through the Common Threads Recycling Program.<br><br><b>Details:</b><ul> <li>""Silky Capilene 1 fabric is ultralight, breathable and quick-to-dry""</li> <li>""Exposed, brushed elastic waistband for comfort""</li> <li>5-panel construction with traditional boxer back</li> <li>""Inseam (size M) is 4 1/2""""""</li></ul><br><br><b>Fabric: </b>3.7-oz 100% all-recycled polyester with Gladiodor natural odor control for the garment. Recyclable through the Common Threads Recycling Program<br><br><b>Weight: </b>99 g (3.5 oz)<br><br>Made in Mexico."
2,"Urbun-Active sport briefs - Skinning up Glory requires enough movement without your  deciding to poach their own route. The form-fitting Active Sport Boxer Briefs are made from breathable  polyester (71% recycled) fabric that's fast-wicking, dries quickly and has 7% spandex for stretch; the seamless waistband and soft leg edges won't roll or bind. The gusseted, flat-sewn 6"" inseam (size M) is offset to prevent inner-thigh chafe. Fly-free with a smooth front panel. Recyclable through the Common Threads Recycling Program.<br><br><b>Details:</b><ul> <li>""Stretch mesh provides support, open-weave mesh for airflow, wicks efficiently, dries fast""</li> <li>Seamless construction</li> <li>""Flat-sewn, gusseted inseam is set forward to prevent inner-thigh chafe""</li> <li>Fly-free support</li> <li>""Inseam (size M) is 6""""""</li></ul><br><br><b>Fabric: </b>""4.6-oz 93% polyester (71% recycled)/7% spandex, with moisture-wicking performance. Recyclable through the Common Threads Recycling Program""<br><br><b>Weight: </b>(60 g 2.1 oz)<br><br>Made in Israel."
3,"Folk-Active sport briefs - These superbreathable no-fly briefs are the minimalist's choice for high-octane endeavors. Made from a blend of fast-wicking, quick-drying  polyester spandex that has both stretch-mesh (for support) and open mesh (for cooling airflow). Soft edging at the leg openings and a seamless waist won't roll or create friction against layers. With a smooth front panel for opacity. Recyclable through the Common Threads Recycling Program.<br><br><b>Details:</b><ul> <li>""Stretch mesh provides support, open-weave mesh for airflow, wicks efficiently and dries fast""</li> <li>Seamless construction</li> <li>Leg openings have half-inch self-binding for comfort</li> <li>Fly-free support</li></ul><br><br><b>Fabric: </b>""4.6-oz 93% polyester (71% recycled)/7% spandex, with moisture-wicking performance. Recyclable through the Common Threads Recycling Program""<br><br><b>Weight: </b>(49 g 1.7 oz)<br><br>Made in Israel."
4,"Metal-Alpine guide  - Skin in, climb ice, switch to rock, traverse a knife-edge ridge and boogie back down - these durable, weather-resistant and breathable soft-shell pants keep stride on every mountain endeavor. The midweight stretch-woven polyester won't restrict your moves, and the brushed interior maintains next-to-skin comfort. A 2-way zippered fly keeps things easy with a harness on, and the gusseted, zippered cuffs have 2-position snaps and tie-down loops. With water-resistant zippered pockets: two front, two thigh, one back hip. Recyclable through the Common Threads Recycling Program.<br><br><b>Details:</b><ul> <li>Durable stretch-woven polyester (47% recycled) with DWR (durable water repellent) finish is water- and wind-resistant and highly breathable</li> <li>Brushed interior for next-to-skin comfort</li> <li>Waistband has belt loops and elastic on back</li> <li>2-way zippered fly</li> <li>""External pockets: two front slash, two glued-on thigh, one back hip - all with highly water-resistant, DWR-finished zippers""</li> <li>""Gusseted, zippered cuff with 2-position adjustable settings and tie-down loops""</li></ul><br><br><b>Fabric: </b>""7.6-oz 90-denier 92% polyester (47% recycled)/8% spandex, with Deluge DWR finish. Recyclable through the Common Threads Recycling Program""<br><br><b>Weight: </b>(597 g 20.7 oz)<br><br>Made in Vietnam."
5,"Latino-Alpine wind  - On high ridges, steep ice and anything alpine, this jacket serves as a true ""best of all worlds"" staple. It excels as a stand-alone shell for blustery rock climbs, cool-weather trail runs and high-output ski tours. And then, when conditions have you ice and alpine climbing, it functions as a lightly insulated windshirt on the approach, as well as a frictionless midlayer when it's time to bundle up and tie-in. The polyester ripstop shell with a Deluge DWR (durable water repellent) treatment sheds snow and blocks wind, while the smooth, lightly brushed hanging mesh liner wicks moisture, dries fast, and doesn't bind to your baselayers. Superlight stretch-woven underarm panels enhance breathability and allow for unimpaired arm motion, and the two hand pockets close with zippers. A drawcord hem, elastic cuffs, a heat-transfer reflective logo and a regular-coil, center-front zipper with DWR finish round out the features. Updated this season for an improved fit. Recyclable through the Common Threads Recycling Program.<br><br><b>Details:</b><ul> <li>""Lightweight, breathable polyester ripstop fabric with Deluge DWR (durable water repellent) finish; Slightly brushed polyester-mesh liner wicks moisture and dries fast""</li> <li>""Stretch-woven underarm panels provide breathability, stretch for unimpeded range of motion""</li> <li>DWR finish on center-front zipper</li> <li>Elastic cuffs</li> <li>""Pockets: exterior chest, zippered handwarmers""</li> <li>Drawcord hem</li> <li>Reflective heat-transfer logo</li></ul><br><br><b>Fabric: </b>Shell: 1.3-oz 20-denier 100% polyester ripstop. Panels: 4.6-oz 75-denier 90% all-recycled polyester/10% spandex. Shell and panels have Deluge DWR (durable water repellent) finish. Lining: 100% polyester brushed tricot mesh. Recyclable through the Common Threads Recycling Program<br><br><b>Weight: </b>(331 g 11.5 oz)<br><br>Made in China."
6,"Retro-Ascensionist  - Our most technical soft shell for full-on mountain pursuits strikes the alpinist's balance between protection and minimalism. The dense 2-way-stretch polyester double weave, with stitchless seams, has exceptional water- and wind-resistance, a rapid dry time and superb breathability. Pared-down detailing provides everything you need and nothing more: a 3-way-adjustable, helmet-compatible hood; a reverse-coil center-front zipper with a DWR (durable water repellent) finish; large external handwarmer pockets (with zipper garages) that are placed above the harness-line; an internal security pocket; articulated arms; self-fabic cuff tabs; a drawcord hem. Recyclable through the Common Threads Recycling Program.<br><br><b>Details:</b><ul> <li>""Dense stretchy polyester double-weave fabric is exceptionally water- and wind-resistant and is spandex-free for fast dry times; Stitch-free, lap-glued seams speed dry time, improve water resistance and decrease bulk""</li> <li>""Helmet-compatible, 3-way-adjustable hood;  brushed chamois patches for chin and neck comfort""</li> <li>DWR-(durable water repellent) finished center-front zipper; external pockets: two handwarmers fit skins and have zipper garages and DWR finish on zippers</li> <li>Internal security pocket</li> <li>Articulated arms</li> <li>""Low-profile, laminated, self-fabric cuff tabs""</li> <li>Drawcord hem</li></ul><br><br><b>Fabric: </b>5.3-oz 100% polyester (45% recycled) double weave with 2-way-stretch and Deluge DWR finish. Recyclable through the Common Threads Recycling Program<br><br><b>Weight: </b>(553 g 19.2 oz)<br><br>Made in China."
7,"Western-Atom - A multitasker's cloud nine, the Atom plays the part of courier bag, daypack and carry-on. Its teardrop shape provides the support of a daypack by positioning the load behind your shoulder, and the single-strap design makes getting to the goods simple - just spin it around front. The large zippered main pocket has internal zippered mesh and stretch-woven pockets. A convenient zippered pocket on the shoulder strap is lined to protect valuables. Breathable, moisture-moving 3-D spacer mesh pads the shoulder strap and back panel. Made from 150-denier double-weave all-recycled polyester with a polyurethane coating and DWR (durable water repellent) finish.<br><br><b>Details:</b><ul> <li>Atom spins around from back to chest for easy access</li> <li>Main zippered pocket has internal zippered mesh and stretch-woven organizer pockets</li> <li>Small zippered pocket for essentials</li> <li>""Zippered pocket on shoulder strap is lined to protect cell phone, sunglasses, etc""</li> <li>""Teardrop shape positions weight behind the shoulder, easing stress on neck and back""</li> <li>""3-D spacer-mesh on the shoulder strap and back panel wicks moisture, dries quickly and allows air circulation""</li> <li>Waistbelt secures pack to torso</li></ul><br><br><b>Fabric: </b>7.4-oz 150-denier 100% all-recycled polyester double weave. Lining: 3.3-oz 200-denier 100% polyester. Both with polyurethane coating and a DWR (durable water repellent) finish. Shoulder strap: 100% polyester 3-D spacer mesh<br><br><b>Weight: </b>(311 g 10.8 oz)<br><br>Made in Vietnam."
8,"pop-Print banded betina btm - Our fullest coverage bottoms, the Betina fits highest across the hips with a slightly scooped, lined front. Made from a blend of  spandex.<br><br><b>Details:</b><ul> <li>Fullest coverage bottom</li> <li>""Fits highest across hips, full front and back coverage""</li> <li>Regular rise</li> <li>Improved fabric</li></ul><br><br><b>Fabric: </b>5.6-oz 82% nylon/18% spandex<br><br><b>Weight: </b>(49 g 1.7 oz)<br><br>Made in USA."
9,"Rock-Baby micro d-luxe cardigan - Micro D-Luxe is a heavenly soft fabric with down-to-earth applications. This cardigan is made from a quick-drying, durable 4.6-oz 100% polyester (87% recycled) microdenier fleece that is lightweight and breathable so it can work as a top or midlayer. A wind flap backs the zip front, while the hood has covered-elastic side trim to bundle babies in deep warmth. With slash-style patch pockets, color-coordinating elbow patches and soft self-fabric cuffs. Recyclable through the Common Threads Recycling Program.<br><br><b>Details:</b><ul> <li>""Soft, microdenier fleece made from 87% recycled polyester is durable and quick-to-dry""</li> <li>Hood stays secure with covered side elastic</li> <li>Inside neck tape for a clean finish</li> <li>Handwarmer patch pockets</li> <li>""Full front zip backed by a wind flap; soft, self-fabric cuffs""</li></ul><br><br><b>Fabric: </b>4.6-oz 100% microdenier polyester (87% recycled) fleece. Recyclable through the Common Threads Recycling Program<br><br><b>Weight: </b>(121 g 4.2 oz)<br><br>Made in Costa Rica."
10,"Latino-Baby sun bucket  - This hat goes on when the sun rises above the horizon, and stays on when raindrops start falling. Its made from an ultra-durable 4-ply, 4.2-oz Supplex nylon fabric with a DWR (durable water repellent) finish, and reverses to either a contrasting solid color or print. A soft tuck-away chin strap with a hook-and-loop fastener holds securely without chafing young jawlines. Packs small; easy care.<br><br><b>Details:</b><ul> <li>""Lightweight Supplex nylon is soft, dries fast and packs small; easy care""</li> <li>Brim shields head and neck</li> <li>Chin strap with hook-and-loop fastener can be tucked away when not in use</li> <li>Reversible style with fun print/solid combinations</li> <li>One colorway has print on both sides</li></ul><br><br><b>Fabric: </b>""4-ply, 4.2-oz Supplex nylon with a DWR (durable water repellent) finish""<br><br><b>Weight: </b>(49 g 1.7 oz)<br><br>Made in China."
11,"Latino-Baby sunshade top - Soft, stretchy polyester fabric is fast wicking, quick drying and breathable <br><br><b>Details:</b><ul> <li>Lap shoulders relax the silhouette </li> <li>Extended roll-down cuffs accommodate growth spurts; drop hem waist provides extra coverage</li></ul><br><br><b>Fabric: </b>4.3-oz 100% polyester jersey. Recyclable through the Common Threads Recycling Program<br><br><b>Weight: </b>(0 g 0 oz)<br><br>Made in Vietnam."
12,"Pop-Baggies one - Even Baggies, our most popular shorts for anything, or nothing, occasionally need an update. This season we've increased the inseam length. Their casual fit, quick-drying water-repellent nylon and elasticized waistband with an internal drawstring remain the same as ever. Other features include a polyester mesh lining, a rear snap pocket and front pockets (with self-draining mesh corners) positioned to reduce drag in the water. Inseam (size M) is 7"". Recyclable through the Common Threads Recycling Program.<br><br><b>Details:</b><ul> <li>Quick-drying nylon with a DWR (durable water repellent) finish</li> <li>Elasticized waistband with internal drawstring; black mesh liner</li> <li>Vertical on-seam side pockets for reduced pop-drag in the water; pocket bags have quick-drain-and-dry mesh corners; snap-closed back pocket</li> <li>""Inseam is 7""""""</li></ul><br><br><b>Fabric: </b>4.2-oz 100% nylon with a DWR finish. Lining: 5.2-oz 100% polyester mesh. Recyclable through the Common Threads Recycling Program<br><br><b>Weight: </b>(233 g 8.1 oz)<br><br>Made in Nicaragua."
13,"Western-Beach bucket - Whenever you're at the junction of water and land, neutralize the sun's unforgiving rays with the wide brim and soft design of our versatile Beach Bucket. It has a durable, semi-rigid foam bill that is black underneath and casts refreshing 360-degree shade. The 6.8-oz 100% stretch-woven nylon fabric looks and feels like soft canvas, but provides water-shedding, fast-drying performance. Details: a moisture-wicking Coolmax headband, soft chin strap and an adjustable rear buckle for a reliable bond. Fabric 6.8-oz 100% stretch-woven nylon with DWR (durable water repellent) finish.<br><br><b>Details:</b><ul> <li>""Tough, easy care, stretch-woven nylon brim has durable, semi-rigid foam that floats""</li> <li>The bill provides 360-degree sun protection</li> <li>Black underbill to reduce glare</li> <li>Soft chin strap; moisture-wicking Coolmax headband; adjustable rear buckle</li></ul><br><br><b>Fabric: </b>6.8-oz 100% stretch-woven nylon with DWR (durable water repellent) finish<br><br><b>Weight: </b>(106 g 3.7 oz)<br><br>Made in China."
14,"Indian-Better sweater - June nights camped out in New Mexico's Navajo country are starry and cold. Layer up in the softest fleece we've spun to date. Made from high-performance, sweater-knit polyester fleece, the Better Sweater is warm as wool and technically proficient. The stand-up collar has a zipper garage, and handwarmer pockets keep your fingers cozy. Recyclable through the Common Threads Recycling Program.<br><br><b>Details:</b><ul> <li>""Soft fleece has a sweater-knit face, fleeced interior and heathered overdyed yarns""</li> <li>Stand-up collar and full zip with garage</li> <li>Raglan sleeves</li> <li>Handwarmer pockets</li></ul><br><br><b>Fabric: </b>9.5-oz 100% polyester with sweater-knit exterior and fleece interior. Recyclable through the Common Threads Recycling Program<br><br><b>Weight: </b>(577 g 20 oz)<br><br>Made in Thailand."
15,"Pop-Borderless - in. - Go forward where others cringe. Our Borderless Shorts are made for prying into the outer reaches of unnamed terrain. They have a light, breathable fabric that blends 95% nylon (60% recycled) with 5% spandex mini ripstop to resist the effects of thrashy chimneys and provide stretch for the body language of going places. The DWR (durable water repellent) finish shrugs off water; built-in 40-UPF sun protection shades your legs in open country. Other features include a gusseted crotch to preserve mobility, two front pockets you can access while wearing a harness and a partially elastic waist to keep your shorts adhered under the load of a hip belt. The rear welted pockets secure with zips. Inseam (size M) is 11"". Recyclable through the Common Threads Recycling Program.<br><br><b>Details:</b><ul> <li>""Supple, soft blend of recycled nylon and spandex for total mobility, a light drape, fast dry time and abrasion resistance""</li> <li>Provides 40-UPF sun protection</li> <li>Partially elasticized waistband supports wide range of motion</li> <li>Generous wide-entry front pockets; left front pocket has a hidden internal zip security pocket; welted zippered back pockets</li> <li>Gusseted crotch for mobility</li> <li>""Inseam is 11""""""</li></ul><br><br><b>Fabric: </b>4-oz 95% nylon (60% recycled)/5% spandex with DWR (durable water repellent) finish. Recyclable through the Common Threads Recycling Program<br><br><b>Weight: </b>(219 g 7.6 oz)<br><br>Made in Vietnam."
16,"Urbun-Borderless games -7 in. - One of summertime's gifts is the chance to freely traverse alpine country. These shorts let you make the most of the season. They're made from a soft, supple weave of 95% nylon (60% recycled) and 5% spandex mini ripstop to stretch with energetic moves and breathe for a cooling airflow. A gusseted crotch allows a wide range of motion and a partially elastic waist keeps your shorts adhered under the load of a hip belt. Two on-the-slant front pockets ensure accessibility under a harness; the rear welted pockets secure with zips. With 40-UPF sun protection; inseam (size M) is 7"". Recyclable through the Common Threads Recycling Program.<br><br><b>Details:</b><ul> <li>""Supple, soft blend of recycled nylon and spandex for total mobility, a light drape, fast dry time and abrasion resistance""</li> <li>Provides 40-UPF sun protection</li> <li>Partially elasticized waistband supports wide range of motion</li> <li>Generous wide-entry front pockets; welted zippered back pockets</li> <li>Gusseted crotch for mobility</li> <li>Inseam is 7'</li></ul><br><br><b>Fabric: </b>4-oz 95% nylon (60% recycled)/5% spandex with DWR (durable water repellent) finish. Recyclable through the Common Threads Recycling Program<br><br><b>Weight: </b>(201 g 7 oz)<br><br>Made in Vietnam."
17,"Retro-Bucketjonme - Besides its shade-casting prowess, the Bucket provides perfect eye cover after an extra-large fish taco fest. It's made from soft, fast-drying 100% nylon with a water-shedding finish to repel rain and ocean spray. The Bucket Hat features a time-tested design with a linear crown, crushable brim and ventilation holes to keep your noggin from hard-boiling. It also rolls into its own inside pocket.<br><br><b>Details:</b><ul> <li>""Lightweight, fast-drying, easy-care fabric""</li> <li>DWR (durable water repellent) finish sheds rain and ocean spray</li> <li>""Crushable, 360-degree brim provides complete sun protection""</li> <li>Rolls into its inside pocket</li></ul><br><br><b>Fabric: </b>4.2-oz 100% nylon with a DWR (durable water repellent) finish<br><br><b>Weight: </b>(63 g 2.2 oz)<br><br>Made in China."
18,"Latino-baby sun mars bottoms - Spring skiing is as transient as the wind. Move fast, move light, and still stay dry with our lightest-weight Capilene performance baselayer. These bottoms wick perspiration, breathe, and dry quickly. Under a shell, they insulate without overheating. The waistband is brushed for softness, inseams are set forward to prevent chafe, and a gusseted crotch improves mobility. With a functional fly. Made from 3.7-oz 100% all-recycled polyester, with Gladiodor natural odor control for the garment and 15-UPF sun protection. Recyclable through the Common Threads Recycling Program.<br><br><b>Details:</b><ul> <li>Silky soft Capilene 1 is the lightest of our technical baselayer fabrics</li> <li>""Fast-drying, highly breathable and sleek, it provides 15-UPF sun protection and can be worn either on its own or under layers in cooler temps""</li> <li>Elastic waistband is brushed for next-to-skin softness</li> <li>""Streamlined, functional fly""</li> <li>Inseams are set forward to prevent chafe</li></ul><br><br><b>Fabric: </b>3.7-oz 100% recycled polyester with Gladiodor natural odor control for the garment and 15-UPF sun protection. Recyclable through the Common Threads Recycling Program<br><br><b>Weight: </b>(158 g 5.5 oz)<br><br>Made in USA."
19,"Latino-Baby sunrise - On bivy or belay, the form-fitting Capilene 1 Boxer Briefs stay dry and comfortable. Made from 100% recycled polyester, the underwear excels at moisture-wicking and has Gladiodor natural odor control for the garment. Exposed elastic waistband is brushed for softness; the hem is coverstitched for a smooth glide beneath shorts or pants. Fully-functioning fly and supportive front panel keep you covered. 5 1/2"" inseam (size M). Recyclable through the Common Threads Recycling Program.<br><br><b>Details:</b><ul> <li>Moisture-wicking Capilene 1 fabric with Gladiodor for exceptional next-to-skin comfort and natural odor control for the garment</li> <li>Brushed elastic waistband</li> <li>Supportive front panel</li> <li>""Cover-stitched hem for smooth glide under shorts or pants, won't restrict mobility""</li> <li>""Inseam (size M) is 5 1/2""""""</li></ul><br><br><b>Fabric: </b>3.7-oz 100% all-recycled polyester with Gladiodor&#174; natural odor control for the garment. Recyclable through the Common Threads Recycling Program<br><br><b>Weight: </b>(72 g 2.5 oz)<br><br>Made in USA."
20,"Metro-You like - This tee is made from our lightest-weight Capilene fabric to achieve a harmonic balance between technical ability and slacker prowess. Designed for dry, cool comfort and sun protection, it's highly breathable and fast-drying and has a silky feel. With a rib-knit collar that's soft against the skin, raglan sleeves that reduce chafing under packs and a tuckable length. Sublimated graphics won't impede breathability. Made from 3.7-oz 100% all-recycled polyester with Gladiodor natural odor control for the garment and 15-UPF sun protection. Recyclable through the Common Threads Recycling Program.<br><br><b>Details:</b><ul> <li>Silky soft Capilene 1 is the lightest of our technical baselayer fabrics</li> <li>""Fast-drying, highly breathable and sleek, it provides 15-UPF sun protection and can be worn either on its own or under layers in cooler temps""</li> <li>Rib-knit collar is soft against the skin</li> <li>Graphic elements sublimated into the fabric won't impede breathability or wicking performance</li> <li>Set-in sleeves</li> <li>Cut long enough to tuck in</li></ul><br><br><b>Fabric: </b>3.7-oz 100% recycled polyester with Gladiodor natural odor control for the garment and 15-UPF sun protection. Recyclable through the Common Threads Recycling Program<br><br><b>Weight: </b>(132 g 4.6 oz)<br><br>Made in USA."
21,"Metro -You will be- Minimally styled but technically evolved for punishing expanses of hot country, our silky, ultra-breathable Capilene 1 T-Shirt is quick to wick and fast to dry. The rib-knit collar is soft against skin, and the generous hem is long enough to tuck in. Made from 3.7-oz 100% all-recycled polyester, with Gladiodor natural odor control for the garment and 15-UPF sun protection. Recyclable through the Common Threads Recycling Program.<br><br><b>Details:</b><ul> <li>Silky soft Capilene 1 is the lightest of our technical baselayer fabrics</li> <li>""Fast-drying, highly breathable and sleek, it provides 15-UPF sun protection and can be worn either on its own or under layers in cooler temps""</li> <li>Rib-knit collar is soft against the skin</li> <li>Set-in sleeves</li> <li>Cut long enough to tuck in</li></ul><br><br><b>Fabric: </b>3.7-oz 100% recycled polyester with Gladiodor natural odor control for the garment and 15-UPF sun protection. Recyclable through the Common Threads Recycling Program<br><br><b>Weight: </b>130 g (4.6 oz)<br><br>Made in USA."
22,"Metro-You with me - This one revels in the sweat jamborees of hill climbs, ridge runs and desert singletrack under a resolute sun. Made from the fastest-drying of our performance baselayer fabrics, it has an open knit that invites airflow and provides excellent wicking and exceptional breathability. When worn beneath layers, it's also insulative enough for chilly days. The self-binding neck is pliable and soft; raglan sleeves and flat-ribbed underarm panels merge out of the way of straps to eliminate chafe. Made of 4-oz 100% polyester (54% recycled) with Gladiodor natural odor control for the garment. Recyclable through the Common Threads Recycling Program.<br><br><b>Details:</b><ul> <li>Capilene 2 fabric has an open knit that invites airflow and provides excellent wicking for endurance activities in warm to moderate temperatures</li> <li>""Fastest-drying of our Capilene fabrics, it insulates enough for use on chilly days and can be worn beneath other layers""</li> <li>Self-fabric neckline soft against skin</li> <li>Raglan sleeves and underarm panels merge out of the way of pack straps</li> <li>""Flat-rib panel-piecing under the arms and sides is exceptionally breathable, fast drying and eliminates armpit seam chafing""</li></ul><br><br><b>Fabric: </b>4-oz 100% polyester (54% recycled) with Gladiodor natural odor control for the garment. Recyclable through the Common Threads Recycling Program<br><br><b>Weight: </b>121 g (4.3 oz)<br><br>Made in Mexico."
23,"Latino-You should be- zip neck - Designed for wet-then-chill pursuits like backcountry skiing, alpine climbing and mountain trekking, our fastest-drying performance baselayer will keep you cool during endurance activities in warmer temperatures, but also insulates when skies turn dark. Its open knit invites airflow and provides excellent wicking and exceptional breathability. A draft flap backs the zipper, and raglan sleeves eliminate chafe under pack straps. Flat-rib side panels merge with flat, offset seams for chafe-free comfort. Made from 4-oz 100% polyester (54% recycled) with Gladiodor natural odor control for the garment. Recyclable through the Common Threads Recycling Program.<br><br><b>Details:</b><ul> <li>Capilene 2 fabric has open knit that invites airflow and provides excellent wicking for endurance activities in warm to moderate temperatures</li> <li>""Fastest-drying of our Capilene fabrics, it insulates enough for use on chilly days and can be worn beneath other layers""</li> <li>Zip-neck for easy climate control is backed by draft flap and zipper garage</li> <li>Raglan sleeves and underarm panels merge out of the way of pack straps</li> <li>""Flat-rib panel-piecing under the arms and sides is exceptionally breathable, fast drying and eliminates armpit seam chafing""</li></ul><br><br><b>Fabric: </b>4-oz 100% polyester (54% recycled) with Gladiodor natural odor control for the garment. Recyclable through the Common Threads Recycling Program<br><br><b>Weight: </b>(175 g 6.1 oz)<br><br>Made in Mexico."
24,"Pop-Baggies should - Capilene 3 provides excellent insulation and next-to-skin comfort for endurance activities in cool to cold conditions. Its dense interior honeycomb construction is brushed for warmth, softness and compressibility, and a smooth jersey exterior glides readily beneath layers. Raglan sleeves and a single-piece shoulder panel merge out of the way of shoulder straps. Seams are rolled forward and side panels are offset to eliminate chafe. The zip-neck, backed by a draft flap and zipper garage, makes for easy climate control. Made from 4.8-oz 100% polyester (64% recycled) with Gladiodor natural odor control for the garment. Recyclable through the Common Threads Recycling Program.<br><br><b>Details:</b><ul> <li>""The fastest-wicking of our baselayer fabrics, Capilene 3 features a dense interior honeycomb construction""</li> <li>""Fabric next to skin is brushed for warmth, softness and compressibility, while providing excellent insulation and breathability""</li> <li>Smooth jersey exterior glides easily under layers</li> <li>Zip-neck for easy climate control is backed by draft flap and zipper garage</li> <li>Raglan sleeves and single-piece shoulder panel merge out of the way of pack straps</li> <li>Side seams are rolled forward for comfort under hip belt</li></ul><br><br><b>Fabric: </b>4.8-oz 100% polyester (64% recycled) with Gladiodor natural odor control for the garment. Recyclable through the Common Threads Recycling Program<br><br><b>Weight: </b>221 g (7.8 oz)<br><br>Made in Costa Rica."
25,"Pop-Baby bottoms - For sufferfests like the Grand in January, a pair of these warm bottoms will add a bright side to your grief. Our warmest synthetic performance baselayer, Capilene 4 fabric is stretchy and compressible. Its smooth jersey exterior glides easily beneath layers, and the cozy internal grid traps warmth, wicks moisture, and is highly breathable. With a brushed-elastic waistband that's soft against skin. Made from 5.3-oz Polartec Power Dry 93% polyester (50% recycled)/7% spandex, with Gladiodor natural odor control for the garment. Recyclable through the Common Threads Recycling Program.<br><br><b>Details:</b><ul> <li>""Our warmest baselayer fabric, Capilene 4 offers stretch, great breathability and compressibility""</li> <li>""Interior grid wicks moisture, trims bulk and provides warmth""</li> <li>Smooth jersey face slides easily beneath layers</li> <li>""4-panel construction, pull-on tights""</li> <li>Elastic waistband is brushed for next-to-skin softness</li></ul><br><br><b>Fabric: </b>""5.3-oz Polartec Power Dry 93% polyester (50% recycled)/7% spandex, with Gladiodor natural odor control for the garment. Recyclable through the Common Threads Recycling Program""<br><br><b>Weight: </b>(187 g 6.5 oz)<br><br>Made in Costa Rica."
26,"Jazz-City by the sea  - Illustrating the renaissance of sea-inspired, community living, artist Geoff McFetridge's work adorns the City-By-The-Sea T-Shirt. Lightweight, 100% organic cotton fabric is ringspun for softness. Taped shoulder seams prevent chafing. PVC- and phthalate-free inks are easier on the environment. The tee is Recyclable through the Common Threads Recycling Program.<br><br><b>Details:</b><ul> <li>Ringspun yarns for a softer hand</li> <li>Taped shoulder seams</li> <li>Screen-print inks are PVC- and phthalate-free</li></ul><br><br><b>Fabric: </b>4.4-oz 100% organic cotton. Recyclable through the Common Threads Recycling Program<br><br><b>Weight: </b>(150 g 5.2 oz)<br><br>Made in USA."
27,"Jazz-City by one-Compound cargo  - long - The ultimate do-everything pants, built to withstand daily abuse. With cargo pockets modeled after vintage army blocks, our Compound Cargos are perfect for hitting the trail with a stash of climbing shoes, multitools, spare fins, wax, dry salami and the odd can of beer. Additional pocketing includes two generous front drop-in and two rear with hidden button-flap closures. Made from tough 5.5-oz organic cotton ripstop that has the tear strength of standard 8-oz material, they're hardy but lightweight and ready for action. Inseams (size 32): short, 30""; regular, 32""; long, 34"". Recyclable through the Common Threads Recycling Program.<br><br><b>Details:</b><ul> <li>Lightweight yet durable organic cotton ripstop</li> <li>Features our new fit block</li> <li>Two generous wide-entry drop-in front pockets</li> <li>Two side-seam cargo pockets with hidden button flap</li> <li>Two rear pockets with hidden button flap</li> <li>""Inseam is 34""""""</li></ul><br><br><b>Fabric: </b>5.5-oz 100% organic cotton ripstop. Recyclable through the Common Threads Recycling Program<br><br><b>Weight: </b>(548 g 19 oz)<br><br>Made in Thailand."
28,"Jazz-One by niccole-Compound cargo  reg - The ultimate do-everything pants, built to withstand daily abuse. With cargo pockets modeled after vintage army blocks, our Compound Cargos are perfect for hitting the trail with a stash of climbing shoes, multitools, spare fins, wax, dry salami and the odd can of beer. Additional pocketing includes two generous front drop-in and two rear with hidden button-flap closures. Made from tough 5.5-oz organic cotton ripstop that has the tear strength of standard 8-oz material, they're hardy but lightweight and ready for action. Inseams (size 32): short, 30""; regular, 32""; long, 34"". Recyclable through the Common Threads Recycling Program.<br><br><b>Details:</b><ul> <li>Lightweight yet durable organic cotton ripstop</li> <li>Features our new fit block</li> <li>Two generous wide-entry drop-in front pockets</li> <li>Two side-seam cargo pockets with hidden button flap</li> <li>Two rear pockets with hidden button flap</li> <li>""Inseam is 32""""""</li></ul><br><br><b>Fabric: </b>5.5-oz 100% organic cotton ripstop. Recyclable through the Common Threads Recycling Program<br><br><b>Weight: </b>(536 g 18.6 oz)<br><br>Made in Thailand."
29,"Pop-Baggies is when-Continental shorts - Wrinkle-resistant travel shorts that do what any great mountainside-to-museum garment should: wick moisture, dry quickly, and look sharp after successive days of use. The Continentals deploy our classic Guide fabric - a tough, agile blend of 53% polyester and 47% nylon with a DWR (durable water repellent) finish. Details include drop-in front pockets and two cargo and two rear pockets (each with one zipper closure and one hook-and-loop velcro closure). Regular fit; inseam (size 32) is 10 1/2"". Recyclable through the Common Threads Recycling Program.<br><br><b>Details:</b><ul> <li>""Wrinkle-resistant, fast-drying polyester and nylon blend""</li> <li>Zip fly with button closure</li> <li>Drop-in front pockets</li> <li>Rear cargo pockets: right zippered; left with hook-and-loop closure</li> <li>""Side-seam cargo pockets: one zippered security, one with hook-and-loop for easy-access""</li> <li>DWR finish</li> <li>""Inseam is 10 1/2""""""</li></ul><br><br><b>Fabric: </b>5.2-oz 53% polyester/47% nylon with a DWR finish. Recyclable through the Common Threads Recycling Program<br><br><b>Weight: </b>269 g (9.5 oz)<br><br>Made in Vietnam."
30,"Latino-Cotton board  - A classic in fabric and form, the 5.6-oz 100% organic cotton brushed canvas of these board shorts provides lightweight durability in and out of the water, with a pattern inspired by plantation-era cane field workshirts. A self-fabric waistband and flat-lying 2-button fly are cleanly styled, and the flapped patch pocket with metal button closure has double-needle stitched seams. Inseam (size 32) is 10""; outseam is 20"". Recyclable through the Common Threads Recycling Program.<br><br><b>Details:</b><ul> <li>A Hawaiian classic in fabric and form</li> <li>Fabric pattern inspired by plantation-era cane field workshirts</li> <li>Self-fabric waistband with a flat-lying 2-button fly</li> <li>Flapped patch pocket with metal button closure and double-needle stitched seams</li> <li>""Inseam (size 32) is 10""""; outseam is 20""""""</li> <li>Now available in size 29</li></ul><br><br><b>Fabric: </b>5.6-oz 100% organic cotton brushed canvas. Recyclable through the Common Threads Recycling Program<br><br><b>Weight: </b>(222 g 7.7 oz)<br><br>Made in Thailand."
31,"Latino-Crosstown - Crosstown or cross-country, this fully featured commuter backpack ensures that your life stays organized whether you're office-bound, hiking the steep and narrow, or somewhere in the global commute. Inside its zippered main compartment, it features a suspended, self-adjusting padded laptop sleeve that handles a 15"" to 17"""" laptop. A secondary zippered compartment opens to a portable office organizer system. With a front catch-all sleeve (with hidden zipper) that provides easy access to documents; a stretch-woven water-bottle pocket and a fleece-lined top pocket that protects sunglasses or electronics; 3-D spacer-mesh backpack straps and back padding for comfort and breathability; an adjustable sternum strap with built-in safety whistle. Made from 150-denier all-recycled polyester double weave with a polyurethane coating and a DWR (durable water repellent) finish.<br><br><b>Details:</b><ul> <li>""Large, zippered main compartment has fully padded, suspended laptop sleeve and separate internal mesh organizer sleeve; second zippered compartment has office organizer pockets""</li> <li>""Front catch-all sleeve with hidden zipper provides easy-access to documents, tickets and other important materials; Side organizer pocket with detachable key chain""</li> <li>Stretch-woven water bottle pocket; fleece-lined top pocket for sunglasses or electronics</li> <li>""3-D spacer-mesh straps and back pad wick moisture, dry quickly and allow air circulation; shoulder straps have slots for clip-on attachments; adjustable sternum strap with built-in safety whistle""</li> <li>Web carrying handle</li> <li>Stowable attachment straps</li> <li>""Holds 15""""- 17"""" laptop""</li></ul><br><br><b>Fabric: </b>7.4-oz 150-denier 100% all-recycled polyester double weave. Lining: 3.3-oz 200-denier 100% polyester. Both with polyurethane coating and a DWR (durable water repellent) finish. Shoulder straps: 100% polyester 3-D spacer mesh<br><br><b>Weight: </b>(781 g 27.1 oz)<br><br>Made in Vietnam."
32,"Rock-Custodian  - long - The graveyard shift has its advantages: quitting time = dawn patrol. Our Custodian Pants are defined by their strong work ethic. They're made from a tough but comfortable 5.2-oz organic cotton canvas, with a flat front, generous wide-entry front pockets, welted back pockets, and a zip fly with button closure. Inseams (size 32): short, 30""; regular, 32""; long, 34"". Recyclable through the Common Threads Recycling Program.<br><br><b>Details:</b><ul> <li>Lightweight organic cotton canvas</li> <li>Zip fly with button closure</li> <li>Flat front with offset side seams</li> <li>Generous wide-entry front pockets; welted back pockets</li> <li>""Inseam is 34""""""</li></ul><br><br><b>Fabric: </b>5.2-oz 100% organic cotton canvas. Recyclable through the Common Threads Recycling Program<br><br><b>Weight: </b>(450 g 15.6 oz)<br><br>Made in Thailand."
33,"Rock-Deep wading  - Whether you're chasing Olympic Peninsula chrome or reaching for stripers beyond the break, sometimes you simply have to jump in and go deep. This ultra-lightweight jacket is cut above the waist for serious wading. Its minimalist design has all you need from a waterproof/breathable fishing shell (and nothing more). In addition to a full-visibility hood, reversed StretchCoat cuffs and roomy, zippered fly box pockets, it now features fleece-lined handwarmer pockets. Made from a tough 2.5-layer ripstop nylon with a waterproof/breathable H2No barrier. Our shortest fishing jacket, the Deep Wading also has a relaxed fit to accommodate layers and a loaded vest.<br><br><b>Details:</b><ul> <li>""2.5-layer tear-resistant nylon with a Deluge DWR (durable water repellent) finish, waterproof/breathable H2No barrier and sealed seams is packable and lightweight; visibility/Houdini drawcord hood with single-pull adjustment""</li> <li>Drawcord waist with drain holes</li> <li>""External, zippered chest pockets (set high for wading and with drain holes), brushed polyester lined handwarmer pockets, hanging accessory loop inside right pocket""</li> <li>""Glued-in, coated reverse-coil main and chest pocket zippers are highly water resistant""</li> <li>Gusseted reverse StretchCoat cuffs</li> <li>Two internal mesh pockets</li> <li>""D-ring on back, hidden daisy chain above left side label""</li></ul><br><br><b>Fabric: </b>""Shell: 2.5-layer, 2.7-oz 50-denier 100% nylon ripstop with a waterproof/breathable H2No barrier and a Deluge DWR finish. Cuffs: Reverse StretchCoat""<br><br><b>Weight: </b>(372 g 12.9 oz)<br><br>Made in Vietnam."
34,"Rock-Deep sell jkt - Locals know all the best spots. Our Delivery Shorts are built for all-day comfort and durability, with simple, practical style. Made from a blend of 65% all-recycled polyester and 35% organic cotton, they're designed with a nod to our local deliverymen. Features include a flat front with offset side seams and a zip fly with button closure, generous wide-entry front pockets and welted back pockets. Inseam (size 32) is 11"". Recyclable through the Common Threads Recycling Program.<br><br><b>Details:</b><ul> <li>Soft yet durable 6-oz 65% recycled polyester blended with 35% organic cotton</li> <li>Zip fly with button closure</li> <li>Flat front with offset side-seams</li> <li>Generous wide-entry front pockets</li> <li>Welted back pockets</li> <li>""Inseam is 11""""""</li></ul><br><br><b>Fabric: </b>6-oz 65% all-recycled polyester/35% organic cotton. Recyclable through the Common Threads Recycling Program<br><br><b>Weight: </b>(314 g 10.9 oz)<br><br>Made in Vietnam."
35,"Jazz-One Hell no-Down sweater vest - Impossible to confuse with the sweater vests found at golf courses and bingo parlors, ours comes packed with ultra-toasty 800-fill down that traps heat in alpine conditions. It has a minimalist design that practically floats, and is so compact it stuffs into its own stretch-mesh internal pocket (with a carabiner clip-in loop). The innovative, superlight 100% all-recycled polyester shell (1.4-oz 22-denier) with a DWR (durable water repellent) finish provides wind and water protection as well as a high tear-strength; quilting stabilizes the down. With zippered handwarmer pockets and a drawcord hem.<br><br><b>Details:</b><ul> <li>""Superlight, windproof and water-resistant shell has high tear-strength""</li> <li>Quilted construction stabilizes premium 800-fill-power European goose down insulation</li> <li>Center-front zipper</li> <li>External pockets: two zippered handwarmers</li> <li>Interior pocket: one zippered stretch-mesh that doubles as a stuff sack with carabiner clip-in loop</li> <li>Elastic binding at armholes</li> <li>Drawcord hem</li></ul><br><br><b>Fabric: </b>Shell and lining: 1.4-oz 22-denier 100% all-recycled polyester with Deluge DWR (durable water repellent) finish. Insulation: 800-fill-power premium European goose down<br><br><b>Weight: </b>243 g (8.6 oz)<br><br>Made in China."
36,Rock-Dragoons - These dragoons have dropped their weapons in favor of big wave guns. Artist Geoff McFetridge's work creates a peaceful quiver on the Dragoons T-Shirt. The tee is made from 100% organic cotton fabric; PVC- and phthalate-free screen print inks are easier on the environment. The lightweight tee has ringspun yarns and taped shoulder seams for a soft hand. Recyclable through the Common Threads Recycling Program.<br><br><b>Details:</b><ul> <li>Ringspun yarns for a softer hand</li> <li>Taped shoulder seams</li> <li>Screen-print inks are PVC- and phthalate-free</li></ul><br><br><b>Fabric: </b>4.4-oz 100% organic cotton. Recyclable through the Common Threads Recycling Program<br><br><b>Weight: </b>(150 g 5.2 oz)<br><br>Made in USA.
37,"Retro-Duck pan - long - Essential wear for splitting logs, driving nails or applying a little more chewing gum to the crack in the U-joint. Our classic do-alls come in a substantial but light and supple 8-oz organic cotton canvas. With style that is dictated by function, they have a flat front, slant side-entry front pockets and welted, button-through rear pockets. Garment-washed. Inseam (size 32) is 32"" for the regular version; 30"" for the short; 34"" for the long. Recyclable through the Common Threads Recycling Program.<br><br><b>Details:</b><ul> <li>Supple organic cotton</li> <li>Classic flat-front styling</li> <li>""Slant side-entry front pockets; welted, button-through rear pockets""</li> <li>""Inseam is 34""""""</li></ul><br><br><b>Fabric: </b>8-oz 100% organic cotton canvas. Recyclable through the Common Threads Recycling Program<br><br><b>Weight: </b>532 g (18.8 oz)<br><br>Made in Thailand."
38,"Pop-Elias fz sweat- Clean as a Wingate splitter. Our Elias is made from a welcoming blend of 95% organic cotton and 5% spandex in an athletic, climbing cut. The pockets rise above your harness and the stand-up neck adds a wind barrier to warm up an early season cragging session. The full-zip front makes it easy to take on and off between laps. Recyclable through the Common Threads Recycling Program.<br><br><b>Details:</b><ul> <li>Ultrasoft 95% organic cotton fleece has 5% spandex for stretch</li> <li>Full-zip with handwarmer pockets</li></ul><br><br><b>Fabric: </b>7.6-oz 95% organic cotton fleece/5% spandex. Recyclable through the Common Threads Recycling Program<br><br><b>Weight: </b>447 g (15.8 oz)<br><br>Made in Turkey."
39,"Retro-Elias sweatshirt - The dirtbagger's complete wardrobe - wear it bouldering, working the slack line, and setting up a bivy out of view of the ranger's probing eyes. It has a hospitable mix of 95% organic cotton with 5% spandex for suppleness on dynamic moves. When clouds grow ominous, throw the 4-panel hood up to seal in your heat; keep your fingers warm and ready for crimping with the roomy kangaroo pouch pocket. Offset shoulder seams and a clean silhouette stay smooth under your packstraps and harness. Recyclable through the Common Threads Recycling Program.<br><br><b>Details:</b><ul> <li>Ultrasoft organic cotton fleece has 5% spandex for stretch</li> <li>Pullover hoody with kangaroo pouch pocket</li> <li>Boulder screen print on center chest by Jenny Uehisa</li></ul><br><br><b>Fabric: </b>7.6-oz 95% organic cotton fleece/5% spandex. Recyclable through the Common Threads Recycling Program<br><br><b>Weight: </b>(426 g 14.8 oz)<br><br>Made in Turkey."
40,"Pop-zman shir - Look fresh even when you feel disheveled. Made with 65% lightweight, breathable, all-recycled polyester and 35% organic cotton plain weave, the Fezz won't wrinkle in the tightest corner of your travel duffel. Recyclable through the Common Threads Recycling Program.<br><br><b>Details:</b><ul> <li>Lightweight breathable all-recycled polyester/organic cotton plain weave</li> <li>Single chest pocket</li> <li>Modest tails</li></ul><br><br><b>Fabric: </b>2.9-oz 65% all-recycled polyester/35% organic cotton plain weave. Recyclable through the Common Threads Recycling Program<br><br><b>Weight: </b>(164 g 5.7 oz)<br><br>Made in Thailand."
